{"cameraMode":{"drawMode":0,"name":"Shaded","section":"Shading Mode"},"sceneLighting":true,"audioPlay":false,"sceneViewState":{"showFog":true,"showMaterialUpdate":false,"showSkybox":true,"showFlares":true,"showImageEffects":true,"showParticleSystems":true},"in2DMode":false,"pivot":{"x":206.46282958984376,"y":297.9137878417969,"z":10.546829223632813},"rotation":{"x":0.25230032205581667,"y":0.10137931257486344,"z":-0.0265936478972435,"w":0.9619561433792114},"size":429.6768798828125,"orthographic":false}