{"cameraMode":{"drawMode":0,"name":"Shaded","section":"Shading Mode"},"sceneLighting":true,"audioPlay":false,"sceneViewState":{"showFog":true,"showMaterialUpdate":false,"showSkybox":true,"showFlares":true,"showImageEffects":true,"showParticleSystems":true},"in2DMode":false,"pivot":{"x":-12.795000076293946,"y":16.299999237060548,"z":-10.78360366821289},"rotation":{"x":0.1982017159461975,"y":0.2821039855480194,"z":-0.0596904382109642,"w":0.9367873072624207},"size":341.6678771972656,"orthographic":false}